{
    "loss": 2.5115981101989746,
    "accuracy": 0.7849462628364563
}